Feature ID	Taxon	Confidence
A01_hvs_727_8F_5095511_015.ab1	k__Bacteria; p__Proteobacteria; c__Gammaproteobacteria; o__Enterobacterales; f__Enterobacteriaceae	0.9906622949162096
A01_hvs_75_8F_5347638_015.ab1	k__Bacteria; p__Proteobacteria; c__Gammaproteobacteria	0.9999999999999996
A01_hvs_KL1_8F_4338589_015.ab1	k__Bacteria; p__Bacteroidetes; c__Flavobacteriia; o__Flavobacteriales; f__Weeksellaceae; g__Chryseobacterium; s__candidae	0.9264463733306902
A02_hvs_246_8F_5347638_016.ab1	k__Bacteria; p__Proteobacteria; c__Gammaproteobacteria	0.9999999999999849
A02_hvs_380_8F_5095511_016.ab1	k__Bacteria; p__Proteobacteria; c__Gammaproteobacteria	1.0000000000000027
A02_hvs_792_8F_5095511_016.ab1	k__Bacteria; p__Proteobacteria; c__Gammaproteobacteria	1.0000000000000107
A02_hvs_KW1_8F_4338589_016.ab1	k__Bacteria; p__Proteobacteria; c__Alphaproteobacteria; o__Rhizobiales	0.9999999999582199
A03_hvs_344_8F_5347638_031.ab1	k__Bacteria; p__Proteobacteria; c__Gammaproteobacteria	0.9999999999999954
A03_hvs_405_8F_5095511_031.ab1	k__Bacteria; p__Proteobacteria; c__Gammaproteobacteria	0.9999999999999964
A03_hvs_820_8F_5095511_031.ab1	k__Bacteria; p__Proteobacteria; c__Gammaproteobacteria	1.0000000000000056
A03_hvs_AL3_8F_4338589_031.ab1	k__Bacteria; p__Proteobacteria; c__Gammaproteobacteria; o__Aeromonadales; f__Aeromonadaceae; g__Aeromonas	0.9999995537695117
A04_hvs_408_8F_5347638_032.ab1	k__Bacteria; p__Proteobacteria; c__Gammaproteobacteria; o__Enterobacterales; f__Enterobacteriaceae	0.9267004549410262
A04_hvs_428_8F_5095511_032.ab1	k__Bacteria; p__Proteobacteria; c__Gammaproteobacteria; o__Enterobacterales; f__Enterobacteriaceae; g__Klebsiella	0.9050765983091604
A04_hvs_66_8F_4338589_032.ab1	k__Bacteria; p__Proteobacteria; c__Gammaproteobacteria; o__Enterobacterales; f__Enterobacteriaceae	0.9233895657123679
A04_hvs_843_8F_5095511_032.ab1	k__Bacteria; p__Proteobacteria; c__Gammaproteobacteria	1.0000000000000098
A05_hvs_472_8F_5095511_047.ab1	k__Bacteria; p__Proteobacteria; c__Gammaproteobacteria	0.9999999997593279
A05_hvs_875_8F_5095511_047.ab1	k__Bacteria; p__Proteobacteria; c__Gammaproteobacteria	0.9999999999999885
A05_hvs_89_8F_4338589_047.ab1	k__Bacteria; p__Proteobacteria; c__Gammaproteobacteria; o__Enterobacterales; f__Enterobacteriaceae; g__Klebsiella	0.9452100236744634
A06_hvs_107_8F_4338589_048.ab1	k__Bacteria	0.9711029024384654
A06_hvs_486_8F_5095511_048.ab1	k__Bacteria; p__Proteobacteria; c__Gammaproteobacteria	1.0000000000000115
A06_hvs_613_8F_5347638_048.ab1	k__Bacteria; p__Proteobacteria; c__Gammaproteobacteria; o__Enterobacterales; f__Enterobacteriaceae	0.9049854035440197
A06_hvs_900_8F_5095511_048.ab1	k__Bacteria; p__Proteobacteria; c__Gammaproteobacteria	1.0000000000000129
A07_hvs_189_8F_4338589_063.ab1	Unassigned	0.8889214238107933
A07_hvs_510_8F_5095511_063.ab1	k__Bacteria; p__Proteobacteria; c__Gammaproteobacteria	1.0000000000000122
A07_hvs_700_8F_5347638_063.ab1	k__Bacteria; p__Proteobacteria; c__Gammaproteobacteria	0.9999999999999888
A07_hvs_959_8F_5095511_063.ab1	k__Bacteria; p__Proteobacteria; c__Gammaproteobacteria; o__Enterobacterales	0.9758169286986604
A08_hvs_215_8F_4338589_064.ab1	k__Bacteria; p__Proteobacteria; c__Gammaproteobacteria	0.9999999999999887
A08_hvs_550_8F_5095511_064.ab1	k__Bacteria; p__Proteobacteria; c__Gammaproteobacteria; o__Enterobacterales; f__Morganellaceae; g__Providencia	0.9999838671003577
A08_hvs_874_8F_5347638_064.ab1	k__Bacteria; p__Proteobacteria; c__Gammaproteobacteria	1.000000000000001
A09_hvs_248_8F_4338589_079.ab1	k__Bacteria; p__Proteobacteria; c__Gammaproteobacteria; o__Enterobacterales; f__Morganellaceae; g__Proteus; s__mirabilis	0.9960066320558182
A09_hvs_582_8F_5095511_079.ab1	k__Bacteria; p__Proteobacteria; c__Gammaproteobacteria	1.0000000000000129
A09_hvs_982_8F_5347638_079.ab1	k__Bacteria; p__Proteobacteria; c__Gammaproteobacteria	0.9999999996629682
A10_hvs_289_8F_4338589_080.ab1	k__Bacteria; p__Proteobacteria; c__Gammaproteobacteria	1.0000000000000029
A10_hvs_611_8F_5095511_080.ab1	k__Bacteria; p__Proteobacteria; c__Gammaproteobacteria	0.9999999999999943
A11_hvs_316_8F_4338589_095.ab1	k__Bacteria; p__Proteobacteria; c__Gammaproteobacteria; o__Enterobacterales; f__Morganellaceae; g__Providencia	0.9999813496584014
A11_hvs_636_8F_5095511_095.ab1	k__Bacteria; p__Proteobacteria; c__Gammaproteobacteria; o__Enterobacterales; f__Enterobacteriaceae; g__Klebsiella	0.9184398627689592
A12_hvs_351_8F_4338589_096.ab1	k__Bacteria; p__Proteobacteria; c__Gammaproteobacteria	1.0000000000000098
A12_hvs_680_8F_5095511_096.ab1	k__Bacteria; p__Proteobacteria; c__Gammaproteobacteria; o__Enterobacterales; f__Enterobacteriaceae	0.9782781789367045
B01_hvs_735_8F_5095511_013.ab1	k__Bacteria; p__Proteobacteria; c__Gammaproteobacteria; o__Enterobacterales; f__Morganellaceae; g__Providencia	0.9999937170974389
B01_hvs_83_8F_5347638_013.ab1	k__Bacteria; p__Proteobacteria; c__Gammaproteobacteria	0.9999999999999925
B01_hvs_KL2_8F_4338589_013.ab1	k__Bacteria; p__Proteobacteria	1.0000000000000013
B02_hvs_265_8F_5347638_014.ab1	k__Bacteria; p__Proteobacteria; c__Gammaproteobacteria; o__Enterobacterales; f__Enterobacteriaceae	0.9092413032781599
B02_hvs_381_8F_5095511_014.ab1	k__Bacteria; p__Proteobacteria; c__Gammaproteobacteria; o__Enterobacterales; f__Enterobacteriaceae; g__Klebsiella	0.9325055635399806
B02_hvs_793_8F_5095511_014.ab1	k__Bacteria; p__Proteobacteria; c__Gammaproteobacteria; o__Enterobacterales; f__Enterobacteriaceae; g__Klebsiella	0.9377632481122853
B02_hvs_KW2_8F_4338589_014.ab1	k__Bacteria; p__Bacteroidetes; c__Flavobacteriia; o__Flavobacteriales; f__Weeksellaceae; g__Elizabethkingia; s__meningoseptica	0.9420412926816791
B03_hvs_409_8F_5095511_029.ab1	k__Bacteria; p__Proteobacteria; c__Gammaproteobacteria	1.000000000000013
B03_hvs_AL4_8F_4338589_029.ab1	k__Bacteria; p__Firmicutes; c__Bacilli; o__Lactobacillales; f__Enterococcaceae; g__Enterococcus; s__rivorum	0.9739957702815938
B04_hvs_412_8F_5347638_030.ab1	k__Bacteria; p__Proteobacteria; c__Gammaproteobacteria	0.9999998603556743
B04_hvs_432_8F_5095511_030.ab1	k__Bacteria; p__Proteobacteria; c__Gammaproteobacteria	1.000000000000002
B04_hvs_67_8F_4338589_030.ab1	k__Bacteria; p__Proteobacteria; c__Gammaproteobacteria	0.9999999999999961
B04_hvs_852_8F_5095511_030.ab1	k__Bacteria; p__Proteobacteria; c__Gammaproteobacteria; o__Enterobacterales	0.9104145661872053
B05_hvs_473_8F_5095511_045.ab1	k__Bacteria; p__Proteobacteria; c__Gammaproteobacteria	0.9999999999999994
B05_hvs_498_8F_5347638_045.ab1	k__Bacteria	0.9504359421138036
B05_hvs_877_8F_5095511_045.ab1	k__Bacteria; p__Proteobacteria; c__Gammaproteobacteria	1.0000000000000124
B05_hvs_91_8F_4338589_045.ab1	k__Bacteria; p__Proteobacteria; c__Gammaproteobacteria; o__Enterobacterales; f__Enterobacteriaceae	0.9677768645310993
B06_hvs_153_8F_4338589_046.ab1	k__Bacteria; p__Proteobacteria; c__Gammaproteobacteria	1.0000000000000089
B06_hvs_488_8F_5095511_046.ab1	k__Bacteria; p__Proteobacteria; c__Gammaproteobacteria	1.0000000000000064
B06_hvs_614_8F_5347638_046.ab1	k__Bacteria; p__Proteobacteria; c__Gammaproteobacteria; o__Enterobacterales	0.9294603147004795
B06_hvs_910_8F_5095511_046.ab1	k__Bacteria; p__Proteobacteria; c__Gammaproteobacteria	1.000000000000009
B07_hvs_190_8F_4338589_061.ab1	k__Bacteria; p__Proteobacteria; c__Gammaproteobacteria; o__Enterobacterales; f__Enterobacteriaceae	0.9093418709551195
B07_hvs_519_8F_5095511_061.ab1	k__Bacteria; p__Proteobacteria; c__Gammaproteobacteria	0.9999999999999883
B07_hvs_705_8F_5347638_061.ab1	k__Bacteria; p__Proteobacteria; c__Gammaproteobacteria	0.9999999999999987
B07_hvs_967_8F_5095511_061.ab1	k__Bacteria; p__Proteobacteria; c__Gammaproteobacteria	1.0000000000000095
B08_hvs_218_8F_4338589_062.ab1	k__Bacteria; p__Proteobacteria; c__Gammaproteobacteria; o__Enterobacterales; f__Enterobacteriaceae	0.9730267027940336
B08_hvs_555_8F_5095511_062.ab1	k__Bacteria; p__Proteobacteria; c__Gammaproteobacteria; o__Enterobacterales; f__Morganellaceae; g__Providencia	0.9999937170974389
B08_hvs_906_8F_5347638_062.ab1	k__Bacteria; p__Proteobacteria; c__Gammaproteobacteria	1.0000000000000122
B09_hvs_251_8F_4338589_077.ab1	k__Bacteria; p__Proteobacteria; c__Gammaproteobacteria	0.9999997824444651
B09_hvs_586_8F_5095511_077.ab1	k__Bacteria; p__Proteobacteria; c__Gammaproteobacteria; o__Enterobacterales; f__Enterobacteriaceae; g__Klebsiella	0.9206873260080511
B09_hvs_989_8F_5347638_077.ab1	k__Bacteria; p__Proteobacteria; c__Gammaproteobacteria; o__Enterobacterales; f__Enterobacteriaceae	0.9465644359582686
B10_hvs_290_8F_4338589_078.ab1	k__Bacteria; p__Proteobacteria; c__Gammaproteobacteria; o__Enterobacterales; f__Enterobacteriaceae	0.9512966796125811
B10_hvs_615_8F_5095511_078.ab1	k__Bacteria; p__Proteobacteria; c__Gammaproteobacteria; o__Enterobacterales; f__Enterobacteriaceae	0.9693210665895571
B11_hvs_335_8F_4338589_093.ab1	k__Bacteria; p__Proteobacteria; c__Gammaproteobacteria	0.9999999999999847
B11_hvs_646_8F_5095511_093.ab1	k__Bacteria; p__Proteobacteria; c__Gammaproteobacteria	1.0000000000000124
B12_hvs_353_8F_4338589_094.ab1	k__Bacteria; p__Proteobacteria; c__Gammaproteobacteria; o__Enterobacterales; f__Enterobacteriaceae; g__Klebsiella	0.9163202305365601
B12_hvs_681_8F_5095511_094.ab1	k__Bacteria	0.9841359585406634
C01_hvs_169_8F_5347638_011.ab1	k__Bacteria; p__Proteobacteria; c__Gammaproteobacteria; o__Enterobacterales; f__Morganellaceae; g__Proteus	0.9942410045881253
C01_hvs_189_8F_5095511_011.ab1	k__Bacteria	0.9907185436035645
C01_hvs_KL3_8F_4338589_011.ab1	k__Bacteria; p__Proteobacteria; c__Gammaproteobacteria	0.9999999999999887
C02_hvs_275_8F_5347638_012.ab1	k__Bacteria; p__Proteobacteria; c__Gammaproteobacteria	0.9999999999998775
C02_hvs_386_8F_5095511_012.ab1	k__Bacteria	0.9906709263451638
C02_hvs_799_8F_5095511_012.ab1	k__Bacteria; p__Proteobacteria; c__Gammaproteobacteria	1.000000000000004
C02_hvs_AW1_8F_4338589_012.ab1	k__Bacteria; p__Proteobacteria	0.9999999999999988
C03_hvs_348_8F_5347638_027.ab1	k__Bacteria; p__Proteobacteria; c__Gammaproteobacteria; o__Enterobacterales; f__Morganellaceae; g__Providencia	0.903395880462069
C03_hvs_AL5_8F_4338589_027.ab1	k__Bacteria; p__Proteobacteria; c__Gammaproteobacteria; o__Aeromonadales; f__Aeromonadaceae; g__Aeromonas	0.999999702849704
C04_hvs_425_8F_5347638_028.ab1	k__Bacteria; p__Proteobacteria; c__Gammaproteobacteria; o__Enterobacterales; f__Enterobacteriaceae	0.966934546731417
C04_hvs_442_8F_5095511_028.ab1	k__Bacteria; p__Proteobacteria; c__Gammaproteobacteria	0.9999999999999877
C04_hvs_72_8F_4338589_028.ab1	k__Bacteria; p__Proteobacteria; c__Gammaproteobacteria	1.000000000000004
C04_hvs_853_8F_5095511_028.ab1	k__Bacteria; p__Proteobacteria; c__Gammaproteobacteria	0.9999999999999881
C05_hvs_474_8F_5095511_043.ab1	k__Bacteria; p__Proteobacteria; c__Gammaproteobacteria	0.9999999999999986
C05_hvs_522_8F_5347638_043.ab1	k__Bacteria; p__Proteobacteria; c__Gammaproteobacteria	0.9999999999999951
C05_hvs_881_8F_5095511_043.ab1	k__Bacteria; p__Proteobacteria; c__Gammaproteobacteria; o__Enterobacterales; f__Enterobacteriaceae; g__Klebsiella	0.9219362894409372
C05_hvs_92_8F_4338589_043.ab1	k__Bacteria; p__Proteobacteria; c__Gammaproteobacteria; o__Enterobacterales; f__Enterobacteriaceae; g__Klebsiella	0.9312033542382164
C06_hvs_155_8F_4338589_044.ab1	k__Bacteria; p__Proteobacteria; c__Gammaproteobacteria; o__Enterobacterales; f__Enterobacteriaceae; g__Klebsiella	0.9422020241042195
C06_hvs_489_8F_5095511_044.ab1	k__Bacteria; p__Proteobacteria; c__Gammaproteobacteria	1.0000000000000102
C06_hvs_642_8F_5347638_044.ab1	k__Bacteria; p__Proteobacteria; c__Gammaproteobacteria	0.9999989162167513
C06_hvs_931_8F_5095511_044.ab1	k__Bacteria; p__Proteobacteria; c__Gammaproteobacteria	0.9999999999999972
C07_hvs_191_8F_4338589_059.ab1	k__Bacteria; p__Proteobacteria; c__Gammaproteobacteria; o__Enterobacterales; f__Enterobacteriaceae	0.9661046074709216
C07_hvs_520_8F_5095511_059.ab1	k__Bacteria; p__Proteobacteria; c__Gammaproteobacteria	0.9840603703542489
C07_hvs_724_8F_5347638_059.ab1	k__Bacteria; p__Proteobacteria; c__Gammaproteobacteria	1.0000000000000089
C07_hvs_971_8F_5095511_059.ab1	k__Bacteria; p__Proteobacteria; c__Gammaproteobacteria	0.9999999999999963
C08_hvs_219_8F_4338589_060.ab1	k__Bacteria; p__Proteobacteria; c__Gammaproteobacteria; o__Enterobacterales; f__Enterobacteriaceae	0.9727719060082977
C08_hvs_556_8F_5095511_060.ab1	k__Bacteria; p__Proteobacteria; c__Gammaproteobacteria; o__Enterobacterales; f__Enterobacteriaceae; g__Klebsiella	0.9393319944786722
C08_hvs_907_8F_5347638_060.ab1	k__Bacteria; p__Proteobacteria; c__Gammaproteobacteria	0.9999999997869478
C09_hvs_253_8F_4338589_075.ab1	k__Bacteria; p__Proteobacteria; c__Gammaproteobacteria; o__Enterobacterales; f__Enterobacteriaceae; g__Klebsiella	0.902970866021301
C09_hvs_594_8F_5095511_075.ab1	k__Bacteria; p__Proteobacteria; c__Gammaproteobacteria; o__Enterobacterales; f__Enterobacteriaceae; g__Klebsiella	0.9294155626793588
C09_hvs_EC_8F_5347638_075.ab1	k__Bacteria; p__Proteobacteria; c__Gammaproteobacteria	1.000000000000001
C10_hvs_291_8F_4338589_076.ab1	k__Bacteria; p__Proteobacteria; c__Gammaproteobacteria	1.0000000000000007
C10_hvs_625_8F_5095511_076.ab1	k__Bacteria; p__Proteobacteria; c__Gammaproteobacteria	0.9999999999999878
C11_hvs_336_8F_4338589_091.ab1	k__Bacteria; p__Proteobacteria; c__Gammaproteobacteria	0.9999999999999847
C11_hvs_658_8F_5095511_091.ab1	k__Bacteria; p__Proteobacteria; c__Gammaproteobacteria	1.0000000000000107
C12_hvs_354_8F_4338589_092.ab1	k__Bacteria; p__Proteobacteria; c__Gammaproteobacteria; o__Enterobacterales; f__Enterobacteriaceae; g__Klebsiella	0.9254791265680637
C12_hvs_703_8F_5095511_092.ab1	k__Bacteria; p__Proteobacteria; c__Gammaproteobacteria	1.0000000000000027
D01_hvs_186_8F_5347638_009.ab1	k__Bacteria; p__Proteobacteria; c__Gammaproteobacteria	0.9999999999999886
D01_hvs_737_8F_5095511_009.ab1	k__Bacteria	0.9875196372446025
D01_hvs_KL4_8F_4338589_009.ab1	k__Bacteria; p__Proteobacteria	0.9999999999999973
D02_hvs_276_8F_5347638_010.ab1	k__Bacteria; p__Proteobacteria; c__Gammaproteobacteria; o__Enterobacterales; f__Enterobacteriaceae	0.9687811131933232
D02_hvs_389_8F_5095511_010.ab1	k__Bacteria; p__Proteobacteria; c__Gammaproteobacteria	1.0000000000000078
D02_hvs_809_8F_5095511_010.ab1	k__Bacteria; p__Proteobacteria; c__Gammaproteobacteria	0.9999999999999983
D02_hvs_AW2_8F_4338589_010.ab1	k__Bacteria; p__Proteobacteria; c__Gammaproteobacteria; o__Aeromonadales; f__Aeromonadaceae; g__Aeromonas	0.9999993946691137
D03_hvs_358_8F_5347638_025.ab1	k__Bacteria	0.9877132474911882
D03_hvs_411_8F_5095511_025.ab1	k__Bacteria; p__Proteobacteria; c__Gammaproteobacteria; o__Enterobacterales; f__Enterobacteriaceae	0.9105130204717915
D03_hvs_828_8F_5095511_025.ab1	k__Bacteria; p__Proteobacteria; c__Gammaproteobacteria; o__Enterobacterales; f__Enterobacteriaceae	0.991342929335065
D03_hvs_AL6_8F_4338589_025.ab1	k__Bacteria	0.9999999999999805
D04_hvs_434_8F_5347638_026.ab1	k__Bacteria	0.9883945798473424
D04_hvs_443_8F_5095511_026.ab1	k__Bacteria; p__Proteobacteria; c__Gammaproteobacteria	0.9999999999999899
D04_hvs_79_8F_4338589_026.ab1	k__Bacteria; p__Proteobacteria; c__Gammaproteobacteria	0.9999999999999887
D04_hvs_854_8F_5095511_026.ab1	k__Bacteria; p__Proteobacteria; c__Gammaproteobacteria	1.000000000000006
D05_hvs_476_8F_5095511_041.ab1	k__Bacteria; p__Proteobacteria; c__Gammaproteobacteria	1.0000000000000124
D05_hvs_526_8F_5347638_041.ab1	k__Bacteria; p__Proteobacteria; c__Gammaproteobacteria	1.0000000000000104
D05_hvs_883_8F_5095511_041.ab1	k__Bacteria; p__Proteobacteria; c__Gammaproteobacteria	0.9999999999999969
D05_hvs_96_8F_4338589_041.ab1	k__Bacteria; p__Proteobacteria; c__Gammaproteobacteria; o__Enterobacterales; f__Enterobacteriaceae	0.9428979791883876
D06_hvs_162_8F_4338589_042.ab1	k__Bacteria; p__Proteobacteria; c__Gammaproteobacteria; o__Enterobacterales; f__Enterobacteriaceae; g__Klebsiella	0.9288150196659736
D06_hvs_496_8F_5095511_042.ab1	k__Bacteria; p__Proteobacteria; c__Gammaproteobacteria	0.999999999999998
D06_hvs_664_8F_5347638_042.ab1	k__Bacteria; p__Proteobacteria; c__Gammaproteobacteria; o__Enterobacterales; f__Enterobacteriaceae; g__Klebsiella	0.9451587449442105
D06_hvs_938_8F_5095511_042.ab1	k__Bacteria; p__Proteobacteria; c__Gammaproteobacteria	0.9999999999999986
D07_hvs_197_8F_4338589_057.ab1	k__Bacteria; p__Proteobacteria; c__Gammaproteobacteria	0.9999999999999934
D07_hvs_525_8F_5095511_057.ab1	k__Bacteria; p__Proteobacteria; c__Gammaproteobacteria	0.9999999999999887
D07_hvs_739_8F_5347638_057.ab1	k__Bacteria; p__Proteobacteria; c__Gammaproteobacteria	1.0000000000000107
D07_hvs_972_8F_5095511_057.ab1	k__Bacteria; p__Proteobacteria; c__Gammaproteobacteria	1.0000000000000044
D08_hvs_221_8F_4338589_058.ab1	k__Bacteria; p__Proteobacteria; c__Gammaproteobacteria	0.9999999999999994
D08_hvs_559_8F_5095511_058.ab1	k__Bacteria; p__Proteobacteria; c__Gammaproteobacteria; o__Enterobacterales; f__Enterobacteriaceae; g__Pseudocitrobacter	0.9904862620142243
D08_hvs_916_8F_5347638_058.ab1	k__Bacteria; p__Proteobacteria; c__Gammaproteobacteria; o__Enterobacterales; f__Morganellaceae; g__Proteus	0.9394516348325148
D09_hvs_256_8F_4338589_073.ab1	k__Bacteria; p__Proteobacteria; c__Gammaproteobacteria; o__Enterobacterales; f__Enterobacteriaceae; g__Klebsiella	0.9075820837307579
D09_hvs_598_8F_5095511_073.ab1	k__Bacteria	0.9938345438970259
D10_hvs_292_8F_4338589_074.ab1	k__Bacteria; p__Proteobacteria; c__Gammaproteobacteria	1.000000000000012
D10_hvs_627_8F_5095511_074.ab1	k__Bacteria; p__Proteobacteria; c__Gammaproteobacteria; o__Enterobacterales; f__Enterobacteriaceae; g__Klebsiella	0.9243462189404044
D11_hvs_337_8F_4338589_089.ab1	k__Bacteria; p__Proteobacteria; c__Gammaproteobacteria	1.000000000000007
D11_hvs_660_8F_5095511_089.ab1	k__Bacteria; p__Proteobacteria; c__Gammaproteobacteria; o__Enterobacterales	0.9741648214555323
D12_hvs_355_8F_4338589_090.ab1	k__Bacteria; p__Proteobacteria; c__Gammaproteobacteria	0.9999999999999986
D12_hvs_704_8F_5095511_090.ab1	k__Bacteria; p__Proteobacteria; c__Gammaproteobacteria	1.0000000000000098
E01_hvs_193_8F_5347638_007.ab1	k__Bacteria; p__Proteobacteria; c__Gammaproteobacteria	0.9999999999999952
E01_hvs_213_8F_5095511_007.ab1	k__Bacteria; p__Proteobacteria; c__Gammaproteobacteria	0.9999999999999916
E01_hvs_743_8F_5095511_007.ab1	k__Bacteria; p__Proteobacteria; c__Gammaproteobacteria	1.0000000000000124
E01_hvs_KL5_8F_4338589_007.ab1	k__Bacteria; p__Proteobacteria; c__Alphaproteobacteria; o__Rhizobiales; f__Rhizobiaceae; g__Pseudochrobactrum	0.9451075232490413
E02_hvs_285_8F_5347638_008.ab1	k__Bacteria; p__Proteobacteria; c__Gammaproteobacteria	0.9999999999999927
E02_hvs_392_8F_5095511_008.ab1	k__Bacteria; p__Proteobacteria; c__Gammaproteobacteria; o__Enterobacterales; f__Enterobacteriaceae; g__Klebsiella	0.9044220617491636
E02_hvs_811_8F_5095511_008.ab1	k__Bacteria; p__Proteobacteria; c__Gammaproteobacteria	1.0000000000000056
E02_hvs_AW3_8F_4338589_008.ab1	k__Bacteria; p__Bacteroidetes; c__Flavobacteriia; o__Flavobacteriales; f__Weeksellaceae; g__Elizabethkingia; s__meningoseptica	0.9692052368046453
E03_hvs_416_8F_5095511_023.ab1	k__Bacteria; p__Proteobacteria; c__Gammaproteobacteria; o__Enterobacterales; f__Enterobacteriaceae; g__Klebsiella	0.9236978827630256
E03_hvs_829_8F_5095511_023.ab1	k__Bacteria; p__Proteobacteria; c__Gammaproteobacteria; o__Enterobacterales; f__Morganellaceae; g__Providencia	0.9999956115767299
E03_hvs_AL7-2_8F_4338589_023.ab1	k__Bacteria; p__Proteobacteria; c__Gammaproteobacteria; o__Pseudomonadales; f__Pseudomonadaceae; g__Pseudomonas	0.9999976008033458
E04_hvs_437_8F_5347638_024.ab1	k__Bacteria; p__Proteobacteria; c__Gammaproteobacteria; o__Enterobacterales; f__Enterobacteriaceae	0.9013449274408625
E04_hvs_450_8F_5095511_024.ab1	k__Bacteria; p__Proteobacteria; c__Gammaproteobacteria	0.9999999999999887
E04_hvs_84_8F_4338589_024.ab1	k__Bacteria; p__Proteobacteria; c__Gammaproteobacteria	1.0000000000000087
E04_hvs_859_8F_5095511_024.ab1	k__Bacteria; p__Proteobacteria; c__Gammaproteobacteria; o__Enterobacterales; f__Enterobacteriaceae; g__Klebsiella	0.9144469522450389
E05_hvs_100_8F_4338589_039.ab1	k__Bacteria; p__Proteobacteria; c__Gammaproteobacteria	1.0000000000000127
E05_hvs_480_8F_5095511_039.ab1	k__Bacteria; p__Proteobacteria; c__Gammaproteobacteria	0.9999999999999931
E05_hvs_535_8F_5347638_039.ab1	k__Bacteria; p__Proteobacteria; c__Gammaproteobacteria; o__Enterobacterales; f__Morganellaceae; g__Providencia	0.9980505484664985
E05_hvs_888_8F_5095511_039.ab1	k__Bacteria; p__Proteobacteria; c__Gammaproteobacteria; o__Enterobacterales; f__Enterobacteriaceae	0.9000577205476196
E06_hvs_163_8F_4338589_040.ab1	k__Bacteria; p__Proteobacteria; c__Gammaproteobacteria	0.999999999999557
E06_hvs_497_8F_5095511_040.ab1	k__Bacteria; p__Proteobacteria; c__Gammaproteobacteria; o__Enterobacterales; f__Enterobacteriaceae; g__Klebsiella	0.945334890739269
E06_hvs_666_8F_5347638_040.ab1	k__Bacteria	0.9877132474911882
E06_hvs_939_8F_5095511_040.ab1	k__Bacteria; p__Proteobacteria; c__Gammaproteobacteria	1.0000000000000064
E07_hvs_198_8F_4338589_055.ab1	k__Bacteria; p__Proteobacteria; c__Gammaproteobacteria; o__Enterobacterales; f__Enterobacteriaceae; g__Klebsiella	0.9237001478880942
E07_hvs_528_8F_5095511_055.ab1	k__Bacteria; p__Proteobacteria; c__Gammaproteobacteria	1.0000000000000129
E07_hvs_749_8F_5347638_055.ab1	k__Bacteria; p__Proteobacteria; c__Gammaproteobacteria	1.0000000000000104
E07_hvs_983_8F_5095511_055.ab1	k__Bacteria; p__Proteobacteria; c__Gammaproteobacteria	0.9999999999999926
E08_hvs_226_8F_4338589_056.ab1	k__Bacteria; p__Proteobacteria; c__Gammaproteobacteria; o__Enterobacterales; f__Enterobacteriaceae; g__Klebsiella	0.937646604399803
E08_hvs_562_8F_5095511_056.ab1	k__Bacteria; p__Proteobacteria; c__Gammaproteobacteria; o__Enterobacterales; f__Enterobacteriaceae	0.920703367424775
E08_hvs_932_8F_5347638_056.ab1	k__Bacteria; p__Proteobacteria; c__Gammaproteobacteria	0.9999999999999876
E09_hvs_260_8F_4338589_071.ab1	k__Bacteria; p__Proteobacteria; c__Gammaproteobacteria	0.9999999940250958
E09_hvs_599_8F_5095511_071.ab1	k__Bacteria; p__Proteobacteria; c__Gammaproteobacteria	1.0000000000000016
E10_hvs_294_8F_4338589_072.ab1	k__Bacteria; p__Proteobacteria; c__Gammaproteobacteria; o__Enterobacterales; f__Enterobacteriaceae; g__Klebsiella	0.9025082998328423
E10_hvs_630_8F_5095511_072.ab1	k__Bacteria; p__Proteobacteria; c__Gammaproteobacteria	1.0000000000000044
E11_hvs_339_8F_4338589_087.ab1	k__Bacteria; p__Proteobacteria; c__Gammaproteobacteria; o__Enterobacterales; f__Enterobacteriaceae	0.937881206035708
E11_hvs_662_8F_5095511_087.ab1	k__Bacteria; p__Proteobacteria; c__Gammaproteobacteria	1.0000000000000078
E12_hvs_357_8F_4338589_088.ab1	k__Bacteria; p__Proteobacteria; c__Gammaproteobacteria	1.0000000000000082
E12_hvs_707_8F_5095511_088.ab1	k__Bacteria; p__Proteobacteria; c__Gammaproteobacteria	0.9999999999999972
F01_hvs_207_8F_5347638_005.ab1	k__Bacteria; p__Proteobacteria; c__Gammaproteobacteria; o__Burkholderiales; f__Comamonadaceae; g__Comamonas	0.9017203161646348
F01_hvs_365_8F_5095511_005.ab1	k__Bacteria; p__Proteobacteria; c__Gammaproteobacteria	0.9999999999999866
F01_hvs_KL6_8F_4338589_005.ab1	k__Bacteria; p__Proteobacteria; c__Gammaproteobacteria; o__Xanthomonadales; f__Xanthomonadaceae; g__Stenotrophomonas	0.9996091143909104
F02_hvs_297_8F_5347638_006.ab1	k__Bacteria; p__Proteobacteria; c__Gammaproteobacteria	0.9999999999927689
F02_hvs_401_8F_5095511_006.ab1	k__Bacteria; p__Proteobacteria; c__Gammaproteobacteria; o__Enterobacterales; f__Enterobacteriaceae	0.9706390383986784
F02_hvs_812_8F_5095511_006.ab1	k__Bacteria; p__Proteobacteria; c__Gammaproteobacteria	1.0000000000000098
F02_hvs_AW4_8F_4338589_006.ab1	k__Bacteria; p__Bacteroidetes; c__Flavobacteriia; o__Flavobacteriales; f__Weeksellaceae; g__Chryseobacterium	0.9968193036646169
F03_hvs_366_8F_5347638_021.ab1	k__Bacteria; p__Proteobacteria; c__Gammaproteobacteria	0.9989303659979974
F03_hvs_418_8F_5095511_021.ab1	k__Bacteria; p__Proteobacteria; c__Gammaproteobacteria; o__Enterobacterales; f__Morganellaceae; g__Providencia	0.9999918277645719
F03_hvs_830_8F_5095511_021.ab1	k__Bacteria; p__Proteobacteria; c__Gammaproteobacteria; o__Enterobacterales; f__Enterobacteriaceae	0.9674599899716089
F03_hvs_AL7-1_8F_4338589_021.ab1	k__Bacteria; p__Proteobacteria; c__Alphaproteobacteria; o__Rhodobacterales; f__Rhodobacteraceae; g__Paracoccus; s__huijuniae	0.9234886077791393
F04_hvs_444_8F_5347638_022.ab1	k__Bacteria; p__Proteobacteria; c__Gammaproteobacteria	1.000000000000003
F04_hvs_452_8F_5095511_022.ab1	k__Bacteria; p__Proteobacteria; c__Gammaproteobacteria	0.9999999999999954
F04_hvs_85_8F_4338589_022.ab1	k__Bacteria	0.9966073953296384
F04_hvs_860_8F_5095511_022.ab1	k__Bacteria; p__Proteobacteria; c__Gammaproteobacteria	0.9999999999999944
F05_hvs_101_8F_4338589_037.ab1	k__Bacteria; p__Proteobacteria; c__Gammaproteobacteria; o__Enterobacterales; f__Enterobacteriaceae	0.9693788100203878
F05_hvs_481_8F_5095511_037.ab1	k__Bacteria; p__Proteobacteria; c__Gammaproteobacteria; o__Enterobacterales; f__Enterobacteriaceae; g__Klebsiella	0.9286389586412999
F05_hvs_547_8F_5347638_037.ab1	k__Bacteria; p__Proteobacteria; c__Gammaproteobacteria; o__Enterobacterales	0.9303785299704453
F06_hvs_164_8F_4338589_038.ab1	k__Bacteria; p__Proteobacteria; c__Gammaproteobacteria; o__Enterobacterales; f__Enterobacteriaceae; g__Klebsiella	0.9644718035027514
F06_hvs_504_8F_5095511_038.ab1	k__Bacteria; p__Proteobacteria; c__Gammaproteobacteria; o__Enterobacterales; f__Enterobacteriaceae	0.9728173355894362
F06_hvs_667_8F_5347638_038.ab1	k__Bacteria; p__Proteobacteria; c__Gammaproteobacteria	0.9999999999999877
F06_hvs_941_8F_5095511_038.ab1	k__Bacteria; p__Proteobacteria; c__Gammaproteobacteria	0.999999999999989
F07_hvs_199_8F_4338589_053.ab1	k__Bacteria; p__Proteobacteria; c__Gammaproteobacteria	0.9999999999999999
F07_hvs_537_8F_5095511_053.ab1	k__Bacteria; p__Proteobacteria; c__Gammaproteobacteria; o__Enterobacterales; f__Enterobacteriaceae	0.9925037992280002
F07_hvs_789_8F_5347638_053.ab1	k__Bacteria; p__Proteobacteria; c__Gammaproteobacteria	0.9999999999999863
F07_hvs_985_8F_5095511_053.ab1	k__Bacteria; p__Proteobacteria; c__Gammaproteobacteria	1.000000000000007
F08_hvs_227_8F_4338589_054.ab1	k__Bacteria; p__Proteobacteria; c__Gammaproteobacteria	1.000000000000007
F08_hvs_568_8F_5095511_054.ab1	k__Bacteria; p__Proteobacteria; c__Gammaproteobacteria; o__Enterobacterales; f__Enterobacteriaceae; g__Pseudocitrobacter; s__kobei	0.9650495653622632
F08_hvs_974_8F_5347638_054.ab1	k__Bacteria; p__Proteobacteria; c__Gammaproteobacteria	1.000000000000014
F09_hvs_261_8F_4338589_069.ab1	k__Bacteria; p__Proteobacteria; c__Gammaproteobacteria; o__Enterobacterales; f__Enterobacteriaceae	0.9384074387618552
F09_hvs_607_8F_5095511_069.ab1	k__Bacteria	0.9748926804329973
F10_hvs_295_8F_4338589_070.ab1	k__Bacteria; p__Proteobacteria; c__Gammaproteobacteria	0.9999999999999913
F10_hvs_631_8F_5095511_070.ab1	k__Bacteria; p__Proteobacteria; c__Gammaproteobacteria	1.0000000000000129
F11_hvs_342_8F_4338589_085.ab1	k__Bacteria; p__Proteobacteria; c__Gammaproteobacteria; o__Enterobacterales; f__Enterobacteriaceae; g__Klebsiella	0.9397155824993416
F11_hvs_663_8F_5095511_085.ab1	k__Bacteria; p__Proteobacteria; c__Gammaproteobacteria	1.000000000000008
F12_hvs_362_8F_4338589_086.ab1	k__Bacteria; p__Proteobacteria; c__Gammaproteobacteria	1.000000000000007
G01_hvs_208_8F_5347638_003.ab1	k__Bacteria; p__Proteobacteria; c__Gammaproteobacteria	1.0000000000000118
G01_hvs_367_8F_5095511_003.ab1	k__Bacteria	0.9852900726692292
G01_hvs_KL7_8F_4338589_003.ab1	k__Bacteria; p__Firmicutes; c__Bacilli; o__Lactobacillales; f__Enterococcaceae; g__Enterococcus; s__rivorum	0.985212230416453
G02_hvs_309_8F_5347638_004.ab1	k__Bacteria; p__Proteobacteria; c__Gammaproteobacteria	0.9999977765493008
G02_hvs_402_8F_5095511_004.ab1	k__Bacteria; p__Proteobacteria; c__Gammaproteobacteria	0.9999999999999939
G02_hvs_813_8F_5095511_004.ab1	k__Bacteria; p__Proteobacteria; c__Gammaproteobacteria; o__Enterobacterales; f__Morganellaceae; g__Providencia	0.9999931668570603
G02_hvs_AL1_8F_4338589_004.ab1	k__Bacteria	0.9565614487349923
G03_hvs_382_8F_5347638_019.ab1	k__Bacteria; p__Proteobacteria; c__Gammaproteobacteria	1.0000000000000093
G03_hvs_419_8F_5095511_019.ab1	k__Bacteria; p__Proteobacteria; c__Gammaproteobacteria	0.9999999999999952
G03_hvs_833_8F_5095511_019.ab1	k__Bacteria; p__Proteobacteria; c__Gammaproteobacteria	0.9999999999999927
G03_hvs_CS1_8F_4338589_019.ab1	k__Bacteria	0.9999953137259585
G04_hvs_457_8F_5095511_020.ab1	k__Bacteria; p__Proteobacteria; c__Gammaproteobacteria; o__Enterobacterales; f__Enterobacteriaceae	0.9844965242386748
G04_hvs_477_8F_5347638_020.ab1	k__Bacteria; p__Proteobacteria; c__Gammaproteobacteria	1.000000000000012
G04_hvs_870_8F_5095511_020.ab1	k__Bacteria; p__Proteobacteria; c__Gammaproteobacteria	0.9999999999999895
G04_hvs_87_8F_4338589_020.ab1	k__Bacteria; p__Proteobacteria; c__Gammaproteobacteria; o__Enterobacterales; f__Enterobacteriaceae	0.9214073416831333
G05_hvs_103_8F_4338589_035.ab1	k__Bacteria; p__Proteobacteria; c__Gammaproteobacteria; o__Enterobacterales; f__Enterobacteriaceae; g__Kluyvera	0.9279469014733114
G05_hvs_482_8F_5095511_035.ab1	k__Bacteria; p__Proteobacteria; c__Gammaproteobacteria	0.9999999999999863
G05_hvs_566_8F_5347638_035.ab1	k__Bacteria; p__Proteobacteria; c__Gammaproteobacteria	1.000000000000001
G05_hvs_891_8F_5095511_035.ab1	k__Bacteria; p__Proteobacteria; c__Gammaproteobacteria; o__Enterobacterales; f__Enterobacteriaceae	0.9681732164040956
G06_hvs_165_8F_4338589_036.ab1	k__Bacteria; p__Proteobacteria; c__Gammaproteobacteria	0.9999999999999911
G06_hvs_507_8F_5095511_036.ab1	k__Bacteria; p__Proteobacteria; c__Gammaproteobacteria	0.9999999999650616
G06_hvs_668_8F_5347638_036.ab1	k__Bacteria; p__Proteobacteria; c__Gammaproteobacteria; o__Enterobacterales; f__Enterobacteriaceae	0.9636042757416128
G06_hvs_944_8F_5095511_036.ab1	k__Bacteria; p__Proteobacteria; c__Gammaproteobacteria	1.0000000000000095
G07_hvs_212_8F_4338589_051.ab1	k__Bacteria	0.9497189421721672
G07_hvs_543_8F_5095511_051.ab1	k__Bacteria; p__Proteobacteria; c__Gammaproteobacteria; o__Enterobacterales; f__Enterobacteriaceae	0.9992714906521973
G07_hvs_810_8F_5347638_051.ab1	k__Bacteria; p__Proteobacteria; c__Gammaproteobacteria	0.9999999999999959
G07_hvs_986_8F_5095511_051.ab1	k__Bacteria; p__Proteobacteria; c__Gammaproteobacteria	0.9999999999999949
G08_hvs_232_8F_4338589_052.ab1	k__Bacteria; p__Proteobacteria; c__Gammaproteobacteria; o__Enterobacterales; f__Morganellaceae; g__Providencia	0.9979173160140558
G08_hvs_975_8F_5347638_052.ab1	k__Bacteria; p__Proteobacteria; c__Gammaproteobacteria	0.9999999999999838
G09_hvs_263_8F_4338589_067.ab1	k__Bacteria; p__Proteobacteria; c__Gammaproteobacteria	0.9999999999999947
G09_hvs_608_8F_5095511_067.ab1	k__Bacteria; p__Proteobacteria; c__Gammaproteobacteria	0.999999999999944
G10_hvs_298_8F_4338589_068.ab1	k__Bacteria; p__Proteobacteria; c__Gammaproteobacteria	1.00000000000001
G10_hvs_632_8F_5095511_068.ab1	k__Bacteria; p__Proteobacteria; c__Gammaproteobacteria	0.9999999999999943
G11_hvs_347_8F_4338589_083.ab1	k__Bacteria; p__Proteobacteria; c__Gammaproteobacteria; o__Enterobacterales; f__Morganellaceae; g__Providencia	0.9049907716246174
G11_hvs_665_8F_5095511_083.ab1	k__Bacteria; p__Proteobacteria; c__Gammaproteobacteria	0.9999999999999866
G12_hvs_363_8F_4338589_084.ab1	k__Bacteria; p__Proteobacteria; c__Gammaproteobacteria	1.0000000000000007
G12_hvs_722_8F_5095511_084.ab1	k__Bacteria; p__Proteobacteria; c__Gammaproteobacteria	1.0000000000000062
H01_hvs_238_8F_5347638_001.ab1	k__Bacteria; p__Proteobacteria; c__Gammaproteobacteria; o__Pseudomonadales; f__Pseudomonadaceae; g__Pseudomonas	0.9999978404857562
H01_hvs_377_8F_5095511_001.ab1	k__Bacteria; p__Proteobacteria; c__Gammaproteobacteria; o__Enterobacterales; f__Morganellaceae; g__Providencia	0.9999877328732842
H01_hvs_774_8F_5095511_001.ab1	k__Bacteria; p__Proteobacteria; c__Gammaproteobacteria; o__Enterobacterales; f__Enterobacteriaceae	0.968907686704049
H01_hvs_KL8_8F_4338589_001.ab1	k__Bacteria; p__Proteobacteria	1.0000000000000098
H02_hvs_313_8F_5347638_002.ab1	k__Bacteria; p__Proteobacteria; c__Gammaproteobacteria	0.9999700422340263
H02_hvs_404_8F_5095511_002.ab1	k__Bacteria; p__Proteobacteria; c__Gammaproteobacteria	0.9999999999999941
H02_hvs_818_8F_5095511_002.ab1	k__Bacteria	0.9464093407207974
H02_hvs_AL2_8F_4338589_002.ab1	k__Bacteria	0.9999999251175736
H03_hvs_387_8F_5347638_017.ab1	k__Bacteria; p__Proteobacteria; c__Gammaproteobacteria	0.9999999999999893
H03_hvs_426_8F_5095511_017.ab1	k__Bacteria; p__Proteobacteria; c__Gammaproteobacteria; o__Enterobacterales; f__Enterobacteriaceae; g__Pseudocitrobacter	0.9962535266348004
H03_hvs_836_8F_5095511_017.ab1	k__Bacteria; p__Proteobacteria; c__Gammaproteobacteria; o__Enterobacterales; f__Enterobacteriaceae; g__Kluyvera; s__georgiana	0.9861145345674708
H03_hvs_EC_8F_4338589_017.ab1	k__Bacteria; p__Proteobacteria; c__Gammaproteobacteria	0.9999999999999913
H04_hvs_464_8F_5095511_018.ab1	k__Bacteria; p__Proteobacteria; c__Gammaproteobacteria	0.9999999999999957
H04_hvs_490_8F_5347638_018.ab1	k__Bacteria; p__Proteobacteria; c__Gammaproteobacteria	0.9999996244478573
H04_hvs_873_8F_5095511_018.ab1	k__Bacteria; p__Proteobacteria; c__Gammaproteobacteria	1.0000000000000104
H04_hvs_88_8F_4338589_018.ab1	k__Bacteria; p__Proteobacteria; c__Gammaproteobacteria; o__Enterobacterales; f__Enterobacteriaceae	0.9661046074709216
H05_hvs_104_8F_4338589_033.ab1	k__Bacteria; p__Proteobacteria; c__Gammaproteobacteria	1.0000000000000042
H05_hvs_484_8F_5095511_033.ab1	k__Bacteria; p__Proteobacteria; c__Gammaproteobacteria	1.0000000000000115
H05_hvs_585_8F_5347638_033.ab1	k__Bacteria; p__Proteobacteria; c__Gammaproteobacteria; o__Enterobacterales; f__Enterobacteriaceae	0.9319500900661039
H05_hvs_893_8F_5095511_033.ab1	k__Bacteria; p__Proteobacteria; c__Gammaproteobacteria	1.0000000000000053
H06_hvs_187_8F_4338589_034.ab1	k__Bacteria; p__Proteobacteria; c__Gammaproteobacteria; o__Enterobacterales; f__Enterobacteriaceae	0.9905346966926941
H06_hvs_508_8F_5095511_034.ab1	k__Bacteria; p__Proteobacteria; c__Gammaproteobacteria	0.9999999975798682
H06_hvs_699_8F_5347638_034.ab1	k__Bacteria; p__Proteobacteria; c__Gammaproteobacteria; o__Enterobacterales	0.9092008725098439
H06_hvs_948_8F_5095511_034.ab1	k__Bacteria; p__Proteobacteria; c__Gammaproteobacteria	0.9999999999999901
H07_hvs_213_8F_4338589_049.ab1	k__Bacteria	0.9680453692836262
H07_hvs_545_8F_5095511_049.ab1	Unassigned	0.8889214238107933
H07_hvs_838_8F_5347638_049.ab1	k__Bacteria; p__Proteobacteria; c__Gammaproteobacteria; o__Enterobacterales; f__Enterobacteriaceae	0.9016883170102007
H07_hvs_EC_8F_5095511_049.ab1	k__Bacteria; p__Proteobacteria; c__Gammaproteobacteria	0.999999999999993
H08_hvs_241_8F_4338589_050.ab1	k__Bacteria; p__Proteobacteria; c__Gammaproteobacteria; o__Enterobacterales; f__Enterobacteriaceae	0.9463754121115405
H08_hvs_580_8F_5095511_050.ab1	k__Bacteria; p__Proteobacteria; c__Gammaproteobacteria; o__Enterobacterales; f__Enterobacteriaceae	0.9912635106361725
H08_hvs_977_8F_5347638_050.ab1	k__Bacteria; p__Proteobacteria; c__Gammaproteobacteria; o__Enterobacterales; f__Enterobacteriaceae	0.9139047882458206
H09_hvs_288_8F_4338589_065.ab1	k__Bacteria; p__Proteobacteria; c__Gammaproteobacteria	0.9999999999999956
H09_hvs_610_8F_5095511_065.ab1	k__Bacteria; p__Proteobacteria; c__Gammaproteobacteria; o__Enterobacterales; f__Enterobacteriaceae	0.9218353224951676
H10_hvs_300_8F_4338589_066.ab1	k__Bacteria; p__Proteobacteria; c__Gammaproteobacteria; o__Enterobacterales; f__Enterobacteriaceae; g__Klebsiella	0.948660742204267
H10_hvs_633_8F_5095511_066.ab1	k__Bacteria; p__Proteobacteria; c__Gammaproteobacteria	0.9999999999999926
H11_hvs_349_8F_4338589_081.ab1	k__Bacteria; p__Proteobacteria; c__Gammaproteobacteria; o__Enterobacterales; f__Morganellaceae; g__Proteus; s__mirabilis	0.9944544572982014
H11_hvs_678_8F_5095511_081.ab1	k__Bacteria	0.9877132474911882
H12_hvs_364_8F_4338589_082.ab1	k__Bacteria; p__Proteobacteria; c__Gammaproteobacteria	1.0000000000000007
H12_hvs_726_8F_5095511_082.ab1	k__Bacteria; p__Proteobacteria; c__Gammaproteobacteria; o__Enterobacterales; f__Enterobacteriaceae; g__Klebsiella	0.917232752094853
